{"time":[600,1650,2730,3770,4840,5910,6990,8070,9120,10190,11240,12310,13340,14440,15490,16560],"value":[4,1,2,3,4,1,2,3,4,1,2,3,4,1,2,3],"energy":[-92.249306,-292.9801,-431.49976,-415.46985,190.86159,534.5086,707.31573,9.68684,406.0659,170.79144,230.14897,-165.32202,442.07477,-278.2127,560.6297,167.05156]}